Caterpie,"Resources/Caterpie.png",1,1,1,FALSE,FALSE,FALSE,FALSE,FALSE
Ninjask,"""Resources/Ninjask.png",1,4,2,FALSE,FALSE,FALSE,FALSE,FALSE
Gloom,"Resources/Gloom.png",3,2,2,FALSE,FALSE,FALSE,FALSE,FALSE
Snorlax,"Resources/Snorlax.png",5,2,5,FALSE,FALSE,FALSE,TRUE,FALSE
Sunflora,"Resources/Sunflora.png",1,0,1,FALSE,TRUE,FALSE,FALSE,FALSE
Mamoswine,"Resources/Mamoswine.png",5,2,5,FALSE,FALSE,TRUE,FALSE,FALSE
Squirtle,"Resources/Squirtle.png",3,2,2,FALSE,FALSE,FALSE,FALSE,FALSE
Infernape,"Resources/Infernape.png",6,5,5,FALSE,FALSE,FALSE,FALSE,FALSE
Reshiram,"Resources/Reshiram.png",6,8,7,FALSE,FALSE,FALSE,FALSE,FALSE
Drilbur,"Resources/Drilbur.png",2,2,2,FALSE,FALSE,FALSE,FALSE,FALSE
Dubwool,"Resources/Dubwool.png",4,2,4,FALSE,FALSE,FALSE,TRUE,FALSE
Gothitelle,"Resources/Gothitelle.png",4,4,4,FALSE,FALSE,FALSE,FALSE,FALSE
Cryogonal,"Resources/Cryogonal.png",2,4,3,FALSE,FALSE,TRUE,FALSE,FALSE
Venusaur,"Resources/Venusaur.png",5,6,6,FALSE,FALSE,FALSE,FALSE,TRUE
Rowlet,"Resources/Rowlet.png",5,20,8,FALSE,FALSE,FALSE,FALSE,FALSE
A9,"Resources/A9.png",3,4,4,FALSE,FALSE,TRUE,FALSE,FALSE
Inteleon,"Resources/Inteleon.png",2,5,4,FALSE,FALSE,FALSE,FALSE,TRUE
Snorunt,"Resources/Snorunt.png",3,2,2,FALSE,FALSE,TRUE,FALSE,FALSE
Skarmory,"Resources/Skarmory.png",3,5,4,FALSE,FALSE,FALSE,TRUE,FALSE
Aron,"Resources/Aron.png",2,2,1,FALSE,FALSE,FALSE,TRUE,FALSE
Volcarona,"Resources/Volcarona.png",6,5,5,FALSE,TRUE,FALSE,FALSE,FALSE
Helioptile,"Resources/Helioptile.png",3,1,2,FALSE,TRUE,FALSE,FALSE,FALSE
Porygon,"Resources/Porygon.png",3,4,3,FALSE,FALSE,FALSE,FALSE,TRUE
Weedle,"Resources/Weedle.png",1,1,1,TRUE,FALSE,FALSE,FALSE,FALSE
Nidoking,"Resources/Nidoking.png",6,5,5,TRUE,FALSE,FALSE,FALSE,FALSE
Garbodor,"Resources/Garbodor.png",6,6,6,TRUE,FALSE,FALSE,FALSE,FALSE
Snivy,"Resources/Snivy.png",1,3,1,FALSE,FALSE,FALSE,FALSE,FALSE